when	from	to	reason
20260901-111723	resources/CI/CI_Anya_Dreambreaker.png	_recycle/resources/CI/CI_Anya_Dreambreaker.png	Dreambreaker 更新，這是舊版的原 PNG
20260901-145932	resources/audio/vo/vo_torsten_dualcrush2.pkf	_recycle/resources/audio/vo/vo_torsten_dualcrush2.pkf	Audacity 的波形快取，不是素材
20260902-103408	resources/background/Ruins_Entrance_Day.webp	_recycle/resources/background/Ruins_Entrance_Day.webp	遺跡首批 5 張是 Gemini 自家筆觸，未對齊 GPT 基準；ver -732 起改用對齊版重畫
20260902-103408	resources/background/Ruins_Entrance_Night.webp	_recycle/resources/background/Ruins_Entrance_Night.webp	遺跡首批 5 張是 Gemini 自家筆觸，未對齊 GPT 基準；ver -732 起改用對齊版重畫
20260902-103408	resources/background/Ruins_Antechamber.webp	_recycle/resources/background/Ruins_Antechamber.webp	遺跡首批 5 張是 Gemini 自家筆觸，未對齊 GPT 基準；ver -732 起改用對齊版重畫
20260902-103408	resources/background/Ruins_CorridorA.webp	_recycle/resources/background/Ruins_CorridorA.webp	遺跡首批 5 張是 Gemini 自家筆觸，未對齊 GPT 基準；ver -732 起改用對齊版重畫
20260902-103408	resources/background/Ruins_CorridorB.webp	_recycle/resources/background/Ruins_CorridorB.webp	遺跡首批 5 張是 Gemini 自家筆觸，未對齊 GPT 基準；ver -732 起改用對齊版重畫
20260902-111059	flight/silvermoon_heightmap.png	_recycle/flight/silvermoon_heightmap.png	ver -733 阿斯佩里亞外海加大型島嶼，改寫前回收原圖
20260902-111059	flight/silvermoon_terrain.png	_recycle/flight/silvermoon_terrain.png	ver -733 阿斯佩里亞外海加大型島嶼，改寫前回收原圖
20260902-112717	flight/region_map.png	_recycle/flight/region_map.png	ver -734 國名修正＋島群劃入羅賽爾/埃蘭，改寫前回收
20260902-114302	flight/region_map.png	_recycle/flight/region_map.png.20260902-114302	ver -735 島群改劃阿斯佩里亞聯合王國、羅賽爾退回本土，改寫前回收
20260902-115016	flight/Reference/region.png	_recycle/flight/Reference/region.png	ver -735 Ray 核可新國界圖，取代前回收舊 region.png（舊國名版）
20260902-154638	resources/audio/se/Se_Sail.mp3	_recycle/resources/audio/se/Se_Sail.mp3	ver -741 轉 m4a 後回收原始 mp3/wav（§6.6 音效一律 AAC）
20260902-154638	resources/audio/se/se_shipcrush.wav	_recycle/resources/audio/se/se_shipcrush.wav	ver -741 轉 m4a 後回收原始 mp3/wav（§6.6 音效一律 AAC）
20260902-154638	resources/audio/bgm/bgm_piratebattle.mp3	_recycle/resources/audio/bgm/bgm_piratebattle.mp3	ver -741 轉 m4a 後回收原始 mp3/wav（§6.6 音效一律 AAC）
20260902-165457	resources/audio/se/se_land.mp3	_recycle/resources/audio/se/se_land.mp3	ver -744 轉 m4a 後回收（§6.6）
20260902-174413	resources/audio/vo/vo_nouvelle_obe.wav	_recycle/resources/audio/vo/vo_nouvelle_obe.wav	ver -745 諾薇兒 OBE 語音更新（wav→m4a），回收 wav
20260902-215535	resources/audio/se/se_wookbreak.mp3	_recycle/resources/audio/se/se_wookbreak.mp3	se_woodbreak 交件轉 m4a，mp3 原檔回收（§6.6 不留 mp3）
20260903-104445	resources/background/Westlake_Hotel_Day.webp	_recycle/resources/background/Westlake_Hotel_Day.webp	Shinier 地圖上沒有旅店節點，這張旅店大廳暫時沒有去處（Gemini 產）
20260903-112107	resources/audio/vo/vo_anya_luciddream1.wav	_recycle/resources/audio/vo/vo_anya_luciddream1.wav	luciddream 語音 1~4 轉 m4a，wav 原檔回收（§6.6）；舊單支 luciddream.m4a 被輪播四支取代
20260903-112107	resources/audio/vo/vo_anya_luciddream2.wav	_recycle/resources/audio/vo/vo_anya_luciddream2.wav	luciddream 語音 1~4 轉 m4a，wav 原檔回收（§6.6）；舊單支 luciddream.m4a 被輪播四支取代
20260903-112107	resources/audio/vo/vo_anya_luciddream3.wav	_recycle/resources/audio/vo/vo_anya_luciddream3.wav	luciddream 語音 1~4 轉 m4a，wav 原檔回收（§6.6）；舊單支 luciddream.m4a 被輪播四支取代
20260903-112107	resources/audio/vo/vo_anya_luciddream4.wav	_recycle/resources/audio/vo/vo_anya_luciddream4.wav	luciddream 語音 1~4 轉 m4a，wav 原檔回收（§6.6）；舊單支 luciddream.m4a 被輪播四支取代
20260903-162236	resources/audio/se/se_villagealarm.wav	_recycle/resources/audio/se/se_villagealarm.wav	villagealarm/warhorn 轉 m4a，wav 原檔回收（§6.6）
20260903-162236	resources/audio/bgm/bgm_warhorn.wav	_recycle/resources/audio/bgm/bgm_warhorn.wav	villagealarm/warhorn 轉 m4a，wav 原檔回收（§6.6）
20260903-172410	resources/SI/Sorana_SI_tease.png	_recycle/resources/SI/Sorana_SI_tease.png	無 alpha 的舊版，已由 GPT 重製出透明背景版取代
20260903-191952	resources/SI/Sorana_SI_remind.webp	_recycle/resources/SI/Sorana_SI_remind.webp	白底去背版品質不足（髮絲被切、殘留白塊），改用本機 isnet-anime 軟遮罩重做
20260903-203439	resources/SI/Sorana_SI_smile.webp	_recycle/resources/SI/Sorana_SI_smile.webp	本機 matte 版半透明過多（12.4%），改用 GPT 版
20260903-210409	resources/SI/Sorana_SI_back.webp	_recycle/resources/SI/Sorana_SI_back.webp	索拉娜 back 立繪更新，換新 png 轉檔 ver -786
20260903-210430	resources/_originals/SI/Sorana_SI_back.png	_recycle/resources/_originals/SI/Sorana_SI_back.png	索拉娜 back 舊原圖，換新版 ver -786
20260903-225859	resources/background/Shinier_alter_day.jpeg	_recycle/resources/background/Shinier_alter_day.jpeg	重複／拼錯（alter→Altar；jpeg 已有同名 webp）
20260903-225859	resources/background/Shinier_alter_dd.jpeg	_recycle/resources/background/Shinier_alter_dd.jpeg	重複／拼錯（alter→Altar；jpeg 已有同名 webp）
20260903-225859	resources/background/Shinier_alter_night.jpeg	_recycle/resources/background/Shinier_alter_night.jpeg	重複／拼錯（alter→Altar；jpeg 已有同名 webp）
20260903-225859	resources/background/Shinier_huntercabin_day.jpeg	_recycle/resources/background/Shinier_huntercabin_day.jpeg	重複／拼錯（alter→Altar；jpeg 已有同名 webp）
20260903-225859	resources/background/Shinier_huntercabin_night.jpeg	_recycle/resources/background/Shinier_huntercabin_night.jpeg	重複／拼錯（alter→Altar；jpeg 已有同名 webp）
20260903-225859	resources/background/Shinier_huntercabin_Dusk.jpeg	_recycle/resources/background/Shinier_huntercabin_Dusk.jpeg	重複／拼錯（alter→Altar；jpeg 已有同名 webp）
20260903-225859	resources/background/Shinier_soranahouse_dd.jpeg	_recycle/resources/background/Shinier_soranahouse_dd.jpeg	重複／拼錯（alter→Altar；jpeg 已有同名 webp）
20260905-011417	resources/background/Shinier_Plaza_Dusk.webp	_recycle/resources/background/Shinier_Plaza_Dusk.webp	Plaza_Dusk 舊 _dd 改名版，換 Gemini 從 GPT 日景衍生的新版
20260905-110314	resources/enemy/mon_wolf_pack.webp	_recycle/resources/enemy/mon_wolf_pack.webp	白底原形，換 GPT 加工 alpha 版
20260905-110555	resources/enemy/mon_stag_rot.webp	_recycle/resources/enemy/mon_stag_rot.webp	白底原形，換 GPT 加工 alpha 版
20260905-111615	resources/enemy/mon_crow_swarm.webp	_recycle/resources/enemy/mon_crow_swarm.webp	白底原形，換 GPT 加工 alpha 版
20260905-111817	resources/enemy/mon_lake_serpent.webp	_recycle/resources/enemy/mon_lake_serpent.webp	白底原形，換 GPT 加工 alpha 版
20260905-112043	resources/enemy/mon_moor_lynx.webp	_recycle/resources/enemy/mon_moor_lynx.webp	白底原形，換 GPT 加工 alpha 版
20260905-112247	resources/enemy/mon_beast_organ.webp	_recycle/resources/enemy/mon_beast_organ.webp	白底原形，換 GPT 加工 alpha 版
20260905-112509	resources/enemy/mon_beast_reliquary.webp	_recycle/resources/enemy/mon_beast_reliquary.webp	白底原形，換 GPT 加工 alpha 版
20260905-112744	resources/enemy/mon_beast_shackle.webp	_recycle/resources/enemy/mon_beast_shackle.webp	白底原形，換 GPT 加工 alpha 版
20260905-113056	resources/enemy/mon_bear_husk.webp	_recycle/resources/enemy/mon_bear_husk.webp	白底原形，換 GPT 加工 alpha 版
20260905-164527	resources/CI/CI_Sorana_supply.webp	_recycle/resources/CI/CI_Sorana_supply.webp	CI_Sorana_supply 是過渡圖，Ray 指定不進版控（ver -820）
20260905-214118	resources/audio/vo/vo_sorana_pack.m4a	_recycle/resources/audio/vo/vo_sorana_pack.m4a	vo 大更新（ver -837）：索拉娜語音整批換新錄音，舊版回收
20260905-214118	resources/audio/vo/vo_sorana_pack2.m4a	_recycle/resources/audio/vo/vo_sorana_pack2.m4a	vo 大更新（ver -837）：索拉娜語音整批換新錄音，舊版回收
20260905-214118	resources/audio/vo/vo_sorana_roar.m4a	_recycle/resources/audio/vo/vo_sorana_roar.m4a	vo 大更新（ver -837）：索拉娜語音整批換新錄音，舊版回收
20260905-214118	resources/audio/vo/vo_sorana_obe.m4a	_recycle/resources/audio/vo/vo_sorana_obe.m4a	vo 大更新（ver -837）：索拉娜語音整批換新錄音，舊版回收
20260905-214118	resources/audio/vo/vo_sorana_supply.m4a	_recycle/resources/audio/vo/vo_sorana_supply.m4a	vo 大更新（ver -837）：索拉娜語音整批換新錄音，舊版回收
20260906-160837	resources/SI/NPC_GuildCounter_SI_Northport.webp	_recycle/resources/SI/NPC_GuildCounter_SI_Northport.webp	白底未去背版，matte.py 粗胚取代（待 GPT 正式重製）
20260906-170707	resources/audio/vo/vo_sorana_roar.m4a	_recycle/resources/audio/vo/vo_sorana_roar.m4a.20260906-170707	vo_sorana_roar 舊版，Ray 更新 5連完美戰吼
20260907-015443	resources/_originals/enemy/mon_shinierforest_deer.png	_recycle/resources/_originals/enemy/mon_shinierforest_deer.png	舊版鹿主原圖(21:48)，被 22:20 新版取代
20260907-110647	resources/map/map_shinierforest.webp	_recycle/resources/map/map_shinierforest.webp	小地圖去白背改alpha版（ver -878）
20260907-143818	resources/_originals/map/map_shinier_ruins.png	_recycle/resources/_originals/map/map_shinier_ruins.png	map_shinier_ruins 第一版被 Ray 退（一直線、無分岔、畫錯場景、上色）；第二版太細膩。改用 v3 極簡筆版
20260907-143818	resources/_originals/map/map_shinier_ruins_alpha.png	_recycle/resources/_originals/map/map_shinier_ruins_alpha.png	map_shinier_ruins 第一版被 Ray 退（一直線、無分岔、畫錯場景、上色）；第二版太細膩。改用 v3 極簡筆版
20260907-162927	resources/background/Ruins_shinier_Crossway_night.webp	_recycle/resources/background/Ruins_shinier_Crossway_night.webp	Crossway night 第一版沒變夜（亮度/色溫等同 dusk），Gemini 重做
20260907-163135	resources/vfx/11170091-fbc9-4691-84ee-0b55a3ac2f0d.png	_recycle/resources/vfx/11170091-fbc9-4691-84ee-0b55a3ac2f0d.png	ef_claws 的重複檔（與 resources/effects/ef_claws.png 同一個 sha1），已轉成 resources/effects/ef_claws.webp
20260907-163316	resources/background/Ruins_shinier_Crossway_dawn.webp	_recycle/resources/background/Ruins_shinier_Crossway_dawn.webp	Crossway dawn 第一版比白天還亮、沒有晨霧，Gemini 重做
20260907-164838	resources/_originals/effects/ef_claws.png	_recycle/resources/_originals/effects/ef_claws.png	ef_claws 舊版（ver -899 第一版）；Ray 交了新的一張，鍵值重做
20260907-164849	resources/audio/se/se_enemy_dagger.m4a	_recycle/resources/audio/se/se_enemy_dagger.m4a	se_enemy_dagger 換新版（ver -899，Ray：「se_enemy_dagger 匕首受擊音改成這個」）
20260907-172412	resources/background/Ruins_shinier_Crossway_day.webp	_recycle/resources/background/Ruins_shinier_Crossway_day.webp	Ruins_shinier_Crossway_day GPT 原版顆粒過重（Ray：刺眼），改用 Gemini 去顆粒重繪版
20260907-172832	resources/background/Ruins_shinier_Brazier.webp	_recycle/resources/background/Ruins_shinier_Brazier.webp	Ruins_shinier_Brazier GPT 原版顆粒過重（Ray：刺眼），改用 Gemini 去顆粒重繪版
20260907-173246	resources/background/Ruins_shinier_Hollow.webp	_recycle/resources/background/Ruins_shinier_Hollow.webp	Ruins_shinier_Hollow GPT 原版顆粒過重（Ray：刺眼），改用 Gemini 去顆粒重繪版
20260907-184719	resources/background/Ruins_shinier_DeepSpring.webp	_recycle/resources/background/Ruins_shinier_DeepSpring.webp	神殿背景換新版（ver -909，Ray 交件 jpeg）＋黑暗斷橋水平翻轉
20260907-184719	resources/background/Ruins_shinier_Well.webp	_recycle/resources/background/Ruins_shinier_Well.webp	神殿背景換新版（ver -909，Ray 交件 jpeg）＋黑暗斷橋水平翻轉
20260907-184719	resources/background/Ruins_shinier_DarkBridge.webp	_recycle/resources/background/Ruins_shinier_DarkBridge.webp	神殿背景換新版（ver -909，Ray 交件 jpeg）＋黑暗斷橋水平翻轉
20260907-184926	resources/map/_layout_ruins_shinier.png	_recycle/resources/map/_layout_ruins_shinier.png	檔名改成 _layout_<地圖id>（ver -909 起由 tools/map_layout.py 產出）
20260907-184926	resources/map/_layout_ruins_shinier.svg	_recycle/resources/map/_layout_ruins_shinier.svg	檔名改成 _layout_<地圖id>（ver -909 起由 tools/map_layout.py 產出）
20260907-190705	resources/map/map_ruins_shinier.webp	_recycle/resources/map/map_ruins_shinier.webp	神殿小地圖改畫 ver -908 定案拓樸（21格樹狀，Ray 自排）—— 舊版是 18 格的
20260907-192345	resources/map/map_ruins_shinier.webp	_recycle/resources/map/map_ruins_shinier.webp.20260907-192345	神殿小地圖 ver -909：黑暗斷橋改掛地底裂隙上（上一版是 -908 拓樸）
20260907-194452	resources/map/map_ruins_shinier.webp	_recycle/resources/map/map_ruins_shinier.webp.20260907-194452	神殿小地圖被 Ray 退（太細緻）—— 換成極簡『主角邊走邊畫』版
20260907-200505	resources/map/map_ruins_shinier.webp	_recycle/resources/map/map_ruins_shinier.webp.20260907-200505	神殿小地圖再簡化一階（三個拱門不再描磚、齒輪 10 輻條改 3）
20260907-203229	resources/background/Ruins_shinier_Bridgeopen.jpeg	_recycle/resources/background/Ruins_shinier_Bridgeopen.jpeg	已轉成 webp 入庫（原檔在 _originals/background/）
20260907-203404	resources/background/Ruins_shinier_Bridge_dawn.webp	_recycle/resources/background/Ruins_shinier_Bridge_dawn.webp	石橋撤掉時段差分改吃單張（Ray 指定，資料上補 noTime）—— 原本被 rm 掉，補走回收區留退路
20260907-203404	resources/background/Ruins_shinier_Bridge_day.webp	_recycle/resources/background/Ruins_shinier_Bridge_day.webp	石橋撤掉時段差分改吃單張（Ray 指定，資料上補 noTime）—— 原本被 rm 掉，補走回收區留退路
20260907-203404	resources/background/Ruins_shinier_Bridge_dusk.webp	_recycle/resources/background/Ruins_shinier_Bridge_dusk.webp	石橋撤掉時段差分改吃單張（Ray 指定，資料上補 noTime）—— 原本被 rm 掉，補走回收區留退路
20260907-203404	resources/background/Ruins_shinier_Bridge_night.webp	_recycle/resources/background/Ruins_shinier_Bridge_night.webp	石橋撤掉時段差分改吃單張（Ray 指定，資料上補 noTime）—— 原本被 rm 掉，補走回收區留退路
20260908-011815	resources/partner/Anya_CI_Search.webp	_recycle/resources/partner/Anya_CI_Search.webp	Ray 更新 Anya_CI_Search（ver -924 換新圖，同名覆蓋）
20260908-152035	tools/enemies.xlsx	_recycle/tools/enemies.xlsx	Excel 收成根目錄一份（ver -952，鐵律 7）：Ray 編輯的是根目錄那份
20260909-001046	resources/enemy/_drown_spec.md	_recycle/resources/enemy/_drown_spec.md	Ray: 溺屍不要，換成以歐洲傳說為主的民俗傳說系（_folk_spec.md）
20260909-111507	tools/_sense_probe.html	_recycle/tools/_sense_probe.html	sense CI 的 CSS 驗證用臨時頁，驗完不留
20260909-125033	lvcheck.mjs	_recycle/lvcheck.mjs	等級曲線驗算用的臨時腳本，驗完不留
20260909-190713	resources/_originals/SI/NPC/Corvin_SI_ecstasy.png	_recycle/resources/_originals/SI/NPC/Corvin_SI_ecstasy.png	Corvin_SI_ecstasy 換新圖（ver -1002），舊的原始 PNG 讓位
20260909-223504	resources/audio/vo/vo_nouvellemiss1.wav	_recycle/resources/audio/vo/vo_nouvellemiss1.wav	ver -1015：6 支 miss 語音已轉 m4a（§6.6 音效一律 AAC），原 wav 回收
20260909-223504	resources/audio/vo/vo_nouvellemiss2.wav	_recycle/resources/audio/vo/vo_nouvellemiss2.wav	ver -1015：6 支 miss 語音已轉 m4a（§6.6 音效一律 AAC），原 wav 回收
20260909-223504	resources/audio/vo/vo_nouvellemiss3.wav	_recycle/resources/audio/vo/vo_nouvellemiss3.wav	ver -1015：6 支 miss 語音已轉 m4a（§6.6 音效一律 AAC），原 wav 回收
20260909-223504	resources/audio/vo/vo_sorana_miss1.wav	_recycle/resources/audio/vo/vo_sorana_miss1.wav	ver -1015：6 支 miss 語音已轉 m4a（§6.6 音效一律 AAC），原 wav 回收
20260909-223504	resources/audio/vo/vo_sorana_miss2.wav	_recycle/resources/audio/vo/vo_sorana_miss2.wav	ver -1015：6 支 miss 語音已轉 m4a（§6.6 音效一律 AAC），原 wav 回收
20260909-223504	resources/audio/vo/vo_sorana_miss3.wav	_recycle/resources/audio/vo/vo_sorana_miss3.wav	ver -1015：6 支 miss 語音已轉 m4a（§6.6 音效一律 AAC），原 wav 回收
20260909-224027	resources/audio/se/se_windblock.mp3	_recycle/resources/audio/se/se_windblock.mp3	ver -1015：se_windblock 已轉 m4a（§6.6 音效一律 AAC），原 mp3 回收
20260910-190311	resources/audio/vo/vo_nouvellemiss1.mp3	_recycle/resources/audio/vo/vo_nouvellemiss1.mp3	ver -1032：vo_nouvellemiss1 新錄音已轉 m4a（§6.6），原 mp3 回收
20260910-193537	resources/audio/se/se_lvup.mp3	_recycle/resources/audio/se/se_lvup.mp3	ver -1033：升級 SE／VO 已轉 m4a（§6.6），原檔回收
20260910-193537	resources/audio/vo/vo_anya_lvup.wav	_recycle/resources/audio/vo/vo_anya_lvup.wav	ver -1033：升級 SE／VO 已轉 m4a（§6.6），原檔回收
20260910-193537	resources/audio/vo/vo_nouvelle_lvup.mp3	_recycle/resources/audio/vo/vo_nouvelle_lvup.mp3	ver -1033：升級 SE／VO 已轉 m4a（§6.6），原檔回收
20260910-193537	resources/audio/vo/vo_sorana_lvup.wav	_recycle/resources/audio/vo/vo_sorana_lvup.wav	ver -1033：升級 SE／VO 已轉 m4a（§6.6），原檔回收
20260910-203638	resources/audio/vo/vo_nouvellemiss1.m4a	_recycle/resources/audio/vo/vo_nouvellemiss1.m4a	ver -1035：-1032 交錯了檔（內容是安雅的『行けまーす』＝夢魘裝填），退回 -1015 的原始錄音
20260911-232629	resources/background/Fallen_Altar.webp	_recycle/resources/background/Fallen_Altar.webp	Fallen 五景改為四時段差分（畫法寫進生成提示詞，去顆粒），無時段版本退役 ver -1067
20260911-232629	resources/background/Fallen_Basin.webp	_recycle/resources/background/Fallen_Basin.webp	Fallen 五景改為四時段差分（畫法寫進生成提示詞，去顆粒），無時段版本退役 ver -1067
20260911-232629	resources/background/Fallen_Causeway.webp	_recycle/resources/background/Fallen_Causeway.webp	Fallen 五景改為四時段差分（畫法寫進生成提示詞，去顆粒），無時段版本退役 ver -1067
20260911-232629	resources/background/Fallen_Entry.webp	_recycle/resources/background/Fallen_Entry.webp	Fallen 五景改為四時段差分（畫法寫進生成提示詞，去顆粒），無時段版本退役 ver -1067
20260911-232629	resources/background/Fallen_Fork.webp	_recycle/resources/background/Fallen_Fork.webp	Fallen 五景改為四時段差分（畫法寫進生成提示詞，去顆粒），無時段版本退役 ver -1067
20260911-232629	resources/_originals/background/Fallen_Altar.png	_recycle/resources/_originals/background/Fallen_Altar.png	Fallen 五景改為四時段差分（畫法寫進生成提示詞，去顆粒），無時段版本退役 ver -1067
20260911-232629	resources/_originals/background/Fallen_Basin.png	_recycle/resources/_originals/background/Fallen_Basin.png	Fallen 五景改為四時段差分（畫法寫進生成提示詞，去顆粒），無時段版本退役 ver -1067
20260911-232629	resources/_originals/background/Fallen_Causeway.png	_recycle/resources/_originals/background/Fallen_Causeway.png	Fallen 五景改為四時段差分（畫法寫進生成提示詞，去顆粒），無時段版本退役 ver -1067
20260911-232629	resources/_originals/background/Fallen_Entry.png	_recycle/resources/_originals/background/Fallen_Entry.png	Fallen 五景改為四時段差分（畫法寫進生成提示詞，去顆粒），無時段版本退役 ver -1067
20260911-232629	resources/_originals/background/Fallen_Fork.png	_recycle/resources/_originals/background/Fallen_Fork.png	Fallen 五景改為四時段差分（畫法寫進生成提示詞，去顆粒），無時段版本退役 ver -1067
20260912-141156	tools/map_tomb_draft.py	_recycle/tools/map_tomb_draft.py	拓樸已進 script/town.js，權威佈局改由 tools/map_layout.py tomb 產（鐵律 7：同一個拓樸不留兩份）
20260912-150224	resources/background/Tomb_Gate_day.webp	_recycle/resources/background/Tomb_Gate_day.webp	墓門改用開/關配對的新構圖（Ray 選 B 案）：舊的開門版與新的關門版構圖對不上，互換會讀成換了個地方 ver -1146
20260912-150224	resources/background/Tomb_Gate_dawn.webp	_recycle/resources/background/Tomb_Gate_dawn.webp	墓門改用開/關配對的新構圖（Ray 選 B 案）：舊的開門版與新的關門版構圖對不上，互換會讀成換了個地方 ver -1146
20260912-150224	resources/background/Tomb_Gate_dusk.webp	_recycle/resources/background/Tomb_Gate_dusk.webp	墓門改用開/關配對的新構圖（Ray 選 B 案）：舊的開門版與新的關門版構圖對不上，互換會讀成換了個地方 ver -1146
20260912-150224	resources/background/Tomb_Gate_night.webp	_recycle/resources/background/Tomb_Gate_night.webp	墓門改用開/關配對的新構圖（Ray 選 B 案）：舊的開門版與新的關門版構圖對不上，互換會讀成換了個地方 ver -1146
20260912-150224	resources/_originals/background/Tomb_Gate_day.png	_recycle/resources/_originals/background/Tomb_Gate_day.png	墓門改用開/關配對的新構圖（Ray 選 B 案）：舊的開門版與新的關門版構圖對不上，互換會讀成換了個地方 ver -1146
20260912-150224	resources/_originals/background/Tomb_Gate_dawn.png	_recycle/resources/_originals/background/Tomb_Gate_dawn.png	墓門改用開/關配對的新構圖（Ray 選 B 案）：舊的開門版與新的關門版構圖對不上，互換會讀成換了個地方 ver -1146
20260912-150224	resources/_originals/background/Tomb_Gate_dusk.png	_recycle/resources/_originals/background/Tomb_Gate_dusk.png	墓門改用開/關配對的新構圖（Ray 選 B 案）：舊的開門版與新的關門版構圖對不上，互換會讀成換了個地方 ver -1146
20260912-150224	resources/_originals/background/Tomb_Gate_night.png	_recycle/resources/_originals/background/Tomb_Gate_night.png	墓門改用開/關配對的新構圖（Ray 選 B 案）：舊的開門版與新的關門版構圖對不上，互換會讀成換了個地方 ver -1146
20260912-171221	flight/geo/castle_wall.webp	_recycle/flight/geo/castle_wall.webp	ver -1164：色階重校為外廓實測的冷灰白／冷灰藍（原 webp 偏暖偏暗）
20260912-171221	flight/geo/castle_roof.webp	_recycle/flight/geo/castle_roof.webp	ver -1164：色階重校為外廓實測的冷灰白／冷灰藍（原 webp 偏暖偏暗）
20260912-203729	flight/city/Eastport_topdown.png	_recycle/flight/city/Eastport_topdown.png	東方泊地平面圖第二版：Ray 說第一版太密、顏色太深（實測城內 V95/S0.40 vs 北方泊地 112/0.18）ver -1178
20260913-130935	flight/_dbg.html	_recycle/flight/_dbg.html	GPU 除錯用的暫時副本（ver -1211 查山的顆粒），已不需要
20260913-134813	resources/vfx/kerberos_pendant.webp	_recycle/resources/vfx/kerberos_pendant.webp	alpha 底噪版（ver -1215 削掉 alpha<8 的殘留）
20260913-134820	resources/vfx/kerberos_gear.webp	_recycle/resources/vfx/kerberos_gear.webp	alpha 底噪版（ver -1215 削掉 alpha<8 的殘留）
20260913-134832	resources/vfx/kerberos_top.webp	_recycle/resources/vfx/kerberos_top.webp	alpha 底噪版（ver -1215 削掉 alpha<8 的殘留）
20260913-134836	resources/vfx/kerberos_plate.webp	_recycle/resources/vfx/kerberos_plate.webp	alpha 底噪版（ver -1215 削掉 alpha<8 的殘留）
20260913-134839	resources/vfx/kerberos_arrow.webp	_recycle/resources/vfx/kerberos_arrow.webp	alpha 底噪版（ver -1215 削掉 alpha<8 的殘留）
20260913-134840	resources/vfx/kerberos_rivet.webp	_recycle/resources/vfx/kerberos_rivet.webp	alpha 底噪版（ver -1215 削掉 alpha<8 的殘留）
20260913-134857	resources/vfx/kerberos_pendant.webp	_recycle/resources/vfx/kerberos_pendant.webp.20260913-134857	q92 二次編碼版（ver -1215 改回從 _originals 的 PNG 一次編碼）
20260913-134904	resources/vfx/kerberos_gear.webp	_recycle/resources/vfx/kerberos_gear.webp.20260913-134904	q92 二次編碼版（ver -1215 改回從 _originals 的 PNG 一次編碼）
20260913-134916	resources/vfx/kerberos_rivet.webp	_recycle/resources/vfx/kerberos_rivet.webp.20260913-134916	q92 二次編碼版（ver -1215 改回從 _originals 的 PNG 一次編碼）
20260913-135052	flight/_pend_old.webp	_recycle/flight/_pend_old.webp	A/B 用的舊吊墜（alpha 底噪版），比對完了
20260913-141339	flight/_before.html	_recycle/flight/_before.html	A/B 用的 -1217 快照，比對完了
20260913-142555	flight/city/ravnsdal_plan.webp	_recycle/flight/city/ravnsdal_plan.webp	ver -1220 重跑 ravnsdal（城內綠地改積雪色）
20260913-142555	flight/city/ravnsdal_plan_lo.webp	_recycle/flight/city/ravnsdal_plan_lo.webp	ver -1220 重跑 ravnsdal（城內綠地改積雪色）
20260913-142555	flight/city/ravnsdal_h.webp	_recycle/flight/city/ravnsdal_h.webp	ver -1220 重跑 ravnsdal（城內綠地改積雪色）
20260913-142555	flight/city/ravnsdal_mass.webp	_recycle/flight/city/ravnsdal_mass.webp	ver -1220 重跑 ravnsdal（城內綠地改積雪色）
20260913-142555	flight/city/ravnsdal_mass.json	_recycle/flight/city/ravnsdal_mass.json	ver -1220 重跑 ravnsdal（城內綠地改積雪色）
20260913-151642	flight/geo/moss_stone.webp	_recycle/flight/geo/moss_stone.webp	接縫做壞的第一版（cross-fade 寫錯，接縫 34.8 反而比原圖 12.0 差）
20260913-153122	flight/geo/moss_stone.webp	_recycle/flight/geo/moss_stone.webp.20260913-153122	v1 苔只有 16.6%，Ray 要三成；改用照他提示詞跑的 v3
20260913-181606	resources/audio/bgm/Peritune_Portside_Cafe_loop.ogg	_recycle/resources/audio/bgm/Peritune_Portside_Cafe_loop.ogg	誤帶進來的 ogg（BGM 一律 m4a，§6.6）；同一份原檔仍在 ~/Downloads/Peritune_Portside_Cafe/
20260914-003031	HANDOFF_ver1252-1289.md	_recycle/HANDOFF_ver1252-1289.md	Ray：不用寫交接
20260914-003425	resources/SI/776a05f2-758d-43f0-a437-2b5bce06f2cc.png	_recycle/resources/SI/776a05f2-758d-43f0-a437-2b5bce06f2cc.png	ver -1290：Sorana_SI_watch.png 的重複交件（位元組完全相同，原檔已在 _originals/SI/）
20260914-004103	resources/background/Ravn_Firearm.webp	_recycle/resources/background/Ravn_Firearm.webp	有店的改畫店內（ver -1253，Ray：有店的都要在店內，不是在店外）
20260914-004103	resources/background/Ravn_Guild.webp	_recycle/resources/background/Ravn_Guild.webp	有店的改畫店內（ver -1253，Ray：有店的都要在店內，不是在店外）
20260914-004103	resources/background/Ravn_Grocerie.webp	_recycle/resources/background/Ravn_Grocerie.webp	有店的改畫店內（ver -1253，Ray：有店的都要在店內，不是在店外）
20260914-004103	resources/background/Ravn_Hotel.webp	_recycle/resources/background/Ravn_Hotel.webp	有店的改畫店內（ver -1253，Ray：有店的都要在店內，不是在店外）
20260914-004103	resources/background/Ravn_Bistro.webp	_recycle/resources/background/Ravn_Bistro.webp	有店的改畫店內（ver -1253，Ray：有店的都要在店內，不是在店外）
20260914-004722	HANDOFF_ver861_CHAOS.md	_recycle/HANDOFF_ver861_CHAOS.md	ver -1291：交接檔整併成唯一一份 HANDOFF.md（Ray：「把交接檔不符現狀的清乾淨，不要到下一次交接還掛著」）。內容都在 git 歷史裡
20260914-004722	HANDOFF_ver964-970_ART_SESSION.md	_recycle/HANDOFF_ver964-970_ART_SESSION.md	ver -1291：交接檔整併成唯一一份 HANDOFF.md（Ray：「把交接檔不符現狀的清乾淨，不要到下一次交接還掛著」）。內容都在 git 歷史裡
20260914-004722	HANDOFF_ver971-995.md	_recycle/HANDOFF_ver971-995.md	ver -1291：交接檔整併成唯一一份 HANDOFF.md（Ray：「把交接檔不符現狀的清乾淨，不要到下一次交接還掛著」）。內容都在 git 歷史裡
20260914-004722	HANDOFF_ver1289.md	_recycle/HANDOFF_ver1289.md	ver -1291：交接檔整併成唯一一份 HANDOFF.md（Ray：「把交接檔不符現狀的清乾淨，不要到下一次交接還掛著」）。內容都在 git 歷史裡
20260914-023637	resources/background/Ravn_Square.webp	_recycle/resources/background/Ravn_Square.webp	室外六格改成四時段差分（ver -1261）：帶尾綴的四張已入庫，無尾綴的這一版退役
20260914-023637	resources/background/Ravn_Midtown.webp	_recycle/resources/background/Ravn_Midtown.webp	室外六格改成四時段差分（ver -1261）：帶尾綴的四張已入庫，無尾綴的這一版退役
20260914-023637	resources/background/Ravn_Oldtown.webp	_recycle/resources/background/Ravn_Oldtown.webp	室外六格改成四時段差分（ver -1261）：帶尾綴的四張已入庫，無尾綴的這一版退役
20260914-023637	resources/background/Ravn_Uptown.webp	_recycle/resources/background/Ravn_Uptown.webp	室外六格改成四時段差分（ver -1261）：帶尾綴的四張已入庫，無尾綴的這一版退役
20260914-023637	resources/background/Ravn_Lookout.webp	_recycle/resources/background/Ravn_Lookout.webp	室外六格改成四時段差分（ver -1261）：帶尾綴的四張已入庫，無尾綴的這一版退役
20260914-023637	resources/background/Ravn_Station.webp	_recycle/resources/background/Ravn_Station.webp	室外六格改成四時段差分（ver -1261）：帶尾綴的四張已入庫，無尾綴的這一版退役
20260914-200514	resources/background/Capital_Midtown_Dusk.png	_recycle/resources/background/Capital_Midtown_Dusk.png	ver -1307：background 剩下的 PNG 轉 webp，原檔退役（同名的 .webp 已入庫）
20260914-200514	resources/background/Capital_Midtown_midnight.png	_recycle/resources/background/Capital_Midtown_midnight.png	ver -1307：background 剩下的 PNG 轉 webp，原檔退役（同名的 .webp 已入庫）
20260914-200514	resources/background/Capital_Midtown_night.png	_recycle/resources/background/Capital_Midtown_night.png	ver -1307：background 剩下的 PNG 轉 webp，原檔退役（同名的 .webp 已入庫）
20260914-200514	resources/background/Capital_Square_Dusk.png	_recycle/resources/background/Capital_Square_Dusk.png	ver -1307：background 剩下的 PNG 轉 webp，原檔退役（同名的 .webp 已入庫）
20260914-200514	resources/background/Capital_Square_midnight.png	_recycle/resources/background/Capital_Square_midnight.png	ver -1307：background 剩下的 PNG 轉 webp，原檔退役（同名的 .webp 已入庫）
20260914-200516	resources/background/Northport_Hotel_room_Night.png	_recycle/resources/background/Northport_Hotel_room_Night.png	ver -1307：webp 早就在庫裡，這張 PNG 是殘留的原檔，一併退役
20260914-235731	resources/background/Captal_Guild_night.webp	_recycle/resources/background/Captal_Guild_night.webp	Ray 定案：店類除了酒吧與旅店之外不畫夜景（20:00 前就關門）—— 這張作廢
20260914-235731	resources/_originals/background/Captal_Guild_night.png	_recycle/resources/_originals/background/Captal_Guild_night.png	Ray 定案：店類除了酒吧與旅店之外不畫夜景（20:00 前就關門）—— 這張作廢
20260915-000603	resources/background/East_Bistro.webp	_recycle/resources/background/East_Bistro.webp	與 _day／_dusk／_night 位元組完全相同的重複檔（ver -1318 巡查）：候選鏈已走時段尾綴，無尾綴那張只是最後退路
20260915-000603	resources/background/East_Cafe.webp	_recycle/resources/background/East_Cafe.webp	與 _day／_dusk／_night 位元組完全相同的重複檔（ver -1318 巡查）：候選鏈已走時段尾綴，無尾綴那張只是最後退路
20260915-000603	resources/background/East_Firearm.webp	_recycle/resources/background/East_Firearm.webp	與 _day／_dusk／_night 位元組完全相同的重複檔（ver -1318 巡查）：候選鏈已走時段尾綴，無尾綴那張只是最後退路
20260915-000603	resources/background/East_Grocerie.webp	_recycle/resources/background/East_Grocerie.webp	與 _day／_dusk／_night 位元組完全相同的重複檔（ver -1318 巡查）：候選鏈已走時段尾綴，無尾綴那張只是最後退路
20260915-000603	resources/background/East_Hotel.webp	_recycle/resources/background/East_Hotel.webp	與 _day／_dusk／_night 位元組完全相同的重複檔（ver -1318 巡查）：候選鏈已走時段尾綴，無尾綴那張只是最後退路
20260915-000603	resources/background/East_Restaurant.webp	_recycle/resources/background/East_Restaurant.webp	與 _day／_dusk／_night 位元組完全相同的重複檔（ver -1318 巡查）：候選鏈已走時段尾綴，無尾綴那張只是最後退路
20260915-000603	resources/background/Belisar_Exterior.webp	_recycle/resources/background/Belisar_Exterior.webp	與 _day／_dusk／_night 位元組完全相同的重複檔（ver -1318 巡查）：候選鏈已走時段尾綴，無尾綴那張只是最後退路
20260915-000603	resources/background/Capital_Dock_midnight.webp	_recycle/resources/background/Capital_Dock_midnight.webp	與 _day／_dusk／_night 位元組完全相同的重複檔（ver -1318 巡查）：候選鏈已走時段尾綴，無尾綴那張只是最後退路
20260915-000612	resources/background/East_Guild.webp	_recycle/resources/background/East_Guild.webp	同上：與 East_Guild_day 位元組相同
20260915-000948	resources/partner/Luna_SI_01.jpg	_recycle/resources/partner/Luna_SI_01.jpg	Ray：雙槍修女立繪這件事已經取消。它與 Luna_CI_saint.jpg 位元組相同，而 partner_twin 是沒有人讀的死鑰匙（留著會讓開機預載吃一個 404）
20260915-001125	_recycle/resources/partner/Luna_SI_01.jpg	resources/partner/Luna_SI_01.jpg	restore
20260915-002823	resources/background/Capital_Square_Dawn.webp	_recycle/resources/background/Capital_Square_Dawn.webp	攝政王廣場五張重畫（ver -1321，Ray：人太多、地上莫名其妙的矮柱太多、燈的位置要合邏輯）—— 舊版退役
20260915-002823	resources/background/Capital_Square_Day.webp	_recycle/resources/background/Capital_Square_Day.webp	攝政王廣場五張重畫（ver -1321，Ray：人太多、地上莫名其妙的矮柱太多、燈的位置要合邏輯）—— 舊版退役
20260915-002823	resources/background/Capital_Square_Dusk.webp	_recycle/resources/background/Capital_Square_Dusk.webp	攝政王廣場五張重畫（ver -1321，Ray：人太多、地上莫名其妙的矮柱太多、燈的位置要合邏輯）—— 舊版退役
20260915-002823	resources/background/Capital_Square_night.webp	_recycle/resources/background/Capital_Square_night.webp	攝政王廣場五張重畫（ver -1321，Ray：人太多、地上莫名其妙的矮柱太多、燈的位置要合邏輯）—— 舊版退役
20260915-002823	resources/background/Capital_Square_midnight.webp	_recycle/resources/background/Capital_Square_midnight.webp	攝政王廣場五張重畫（ver -1321，Ray：人太多、地上莫名其妙的矮柱太多、燈的位置要合邏輯）—— 舊版退役
20260915-005147	resources/background/Ravn_Station_dawn.webp	_recycle/resources/background/Ravn_Station_dawn.webp	雪都三格重修（ver -1324，Ray：車站不要有火車頭朝外、城內地面不要有輕軌、1900 北歐）—— 舊版退役
20260915-005147	resources/background/Ravn_Station_day.webp	_recycle/resources/background/Ravn_Station_day.webp	雪都三格重修（ver -1324，Ray：車站不要有火車頭朝外、城內地面不要有輕軌、1900 北歐）—— 舊版退役
20260915-005147	resources/background/Ravn_Station_dusk.webp	_recycle/resources/background/Ravn_Station_dusk.webp	雪都三格重修（ver -1324，Ray：車站不要有火車頭朝外、城內地面不要有輕軌、1900 北歐）—— 舊版退役
20260915-005147	resources/background/Ravn_Station_night.webp	_recycle/resources/background/Ravn_Station_night.webp	雪都三格重修（ver -1324，Ray：車站不要有火車頭朝外、城內地面不要有輕軌、1900 北歐）—— 舊版退役
20260915-005147	resources/background/Ravn_Midtown_dawn.webp	_recycle/resources/background/Ravn_Midtown_dawn.webp	雪都三格重修（ver -1324，Ray：車站不要有火車頭朝外、城內地面不要有輕軌、1900 北歐）—— 舊版退役
20260915-005147	resources/background/Ravn_Midtown_day.webp	_recycle/resources/background/Ravn_Midtown_day.webp	雪都三格重修（ver -1324，Ray：車站不要有火車頭朝外、城內地面不要有輕軌、1900 北歐）—— 舊版退役
20260915-005147	resources/background/Ravn_Midtown_dusk.webp	_recycle/resources/background/Ravn_Midtown_dusk.webp	雪都三格重修（ver -1324，Ray：車站不要有火車頭朝外、城內地面不要有輕軌、1900 北歐）—— 舊版退役
20260915-005147	resources/background/Ravn_Midtown_night.webp	_recycle/resources/background/Ravn_Midtown_night.webp	雪都三格重修（ver -1324，Ray：車站不要有火車頭朝外、城內地面不要有輕軌、1900 北歐）—— 舊版退役
20260915-005147	resources/background/Ravn_Square_dawn.webp	_recycle/resources/background/Ravn_Square_dawn.webp	雪都三格重修（ver -1324，Ray：車站不要有火車頭朝外、城內地面不要有輕軌、1900 北歐）—— 舊版退役
20260915-005147	resources/background/Ravn_Square_day.webp	_recycle/resources/background/Ravn_Square_day.webp	雪都三格重修（ver -1324，Ray：車站不要有火車頭朝外、城內地面不要有輕軌、1900 北歐）—— 舊版退役
20260915-005147	resources/background/Ravn_Square_dusk.webp	_recycle/resources/background/Ravn_Square_dusk.webp	雪都三格重修（ver -1324，Ray：車站不要有火車頭朝外、城內地面不要有輕軌、1900 北歐）—— 舊版退役
20260915-005147	resources/background/Ravn_Square_night.webp	_recycle/resources/background/Ravn_Square_night.webp	雪都三格重修（ver -1324，Ray：車站不要有火車頭朝外、城內地面不要有輕軌、1900 北歐）—— 舊版退役
20260915-104458	si.xlsx	_recycle/si.xlsx	ver -1327：SI 差分總表改固定放 resources/SI/（Ray 指定），根目錄這一份退役
20260916-123915	resources/background/belisar/Belisar_OldAltar.webp	_recycle/resources/background/belisar/Belisar_OldAltar.webp	古代祭壇換成新版祭壇（Ray：祭壇用這兩張）—— 舊的巨石祭壇與我誤產的那張啟動版 ver -1378
20260916-123915	resources/background/belisar/Belisar_OldAltaractive.webp	_recycle/resources/background/belisar/Belisar_OldAltaractive.webp	古代祭壇換成新版祭壇（Ray：祭壇用這兩張）—— 舊的巨石祭壇與我誤產的那張啟動版 ver -1378
20260916-231329	resources/map/map_belisar.webp	_recycle/resources/map/map_belisar.webp	貝利薩爾小地圖重畫（照 reference/B 的拓樸，舊版是 38 格提案版、還畫著 ver -1403 就移除的下沉中庭）
20260916-231329	resources/map/_spots_belisar.json	_recycle/resources/map/_spots_belisar.json	貝利薩爾小地圖重畫（照 reference/B 的拓樸，舊版是 38 格提案版、還畫著 ver -1403 就移除的下沉中庭）
20260916-231720	resources/audio/se/se_waterfall.m4a	_recycle/resources/audio/se/se_waterfall.m4a	ver -1413 的程序合成暫代品；Ray 於 -1414 交了真的錄音
20260916-235329	resources/background/plains/Plains_Cairn_day.webp	_recycle/resources/background/plains/Plains_Cairn_day.webp	石塚群照荒蕪梯度重畫（ver -1414，Ray：越靠近終點越荒蕪）
20260917-162830	resources/map/map_belisar.webp	_recycle/resources/map/map_belisar.webp	貝利薩爾小地圖照 Ray 的 _topology.pdf 重排重畫（ver -1435）：舊版有斜線、版面是模型自己排的
20260917-162830	resources/map/_spots_belisar.json	_recycle/resources/map/_spots_belisar.json	貝利薩爾小地圖照 Ray 的 _topology.pdf 重排重畫（ver -1435）：舊版有斜線、版面是模型自己排的
20260917-190937	resources/map/map_belisar.webp	_recycle/resources/map/map_belisar.webp.20260917-190937	古城小地圖改大張直式（Ray：字糊成一團、間距拉大）ver -1436
20260917-190937	resources/map/_spots_belisar.json	_recycle/resources/map/_spots_belisar.json.20260917-190937	古城小地圖改大張直式（Ray：字糊成一團、間距拉大）ver -1436
20260917-194039	resources/map/map_belisar.webp	_recycle/resources/map/map_belisar.webp.20260917-194039	小地圖改手繪簡筆（憲法 §5 ver -1437/-1438：約 5 筆的極簡圖示、線要自然歪斜）
20260917-194039	resources/map/_spots_belisar.json	_recycle/resources/map/_spots_belisar.json.20260917-194039	小地圖改手繪簡筆（憲法 §5 ver -1437/-1438：約 5 筆的極簡圖示、線要自然歪斜）
20260917-195251	resources/background/belisar/Belisar_SunkenCourtB.webp	_recycle/resources/background/belisar/Belisar_SunkenCourtB.webp	下沉中庭節點 courtyard 於 ver -1378 整格移除，這張圖成了孤兒（Ray -1439：回收掉）
20260917-202621	flight/enemy/FLM_CENTIPI/view_1.webp	_recycle/flight/enemy/FLM_CENTIPI/view_1.webp	ver -1463：plan:'chain' 的怪只讀 sprite.dorsal 一張（flight/index.html:14587），view_1~5 從 split_enemy.py 時代起就沒有任何程式讀 —— 規格單 resources/enemy/_flight_sprite_handoff.md 確認。空賊船那一族不動。
20260917-202621	flight/enemy/FLM_CENTIPI/view_2.webp	_recycle/flight/enemy/FLM_CENTIPI/view_2.webp	ver -1463：plan:'chain' 的怪只讀 sprite.dorsal 一張（flight/index.html:14587），view_1~5 從 split_enemy.py 時代起就沒有任何程式讀 —— 規格單 resources/enemy/_flight_sprite_handoff.md 確認。空賊船那一族不動。
20260917-202621	flight/enemy/FLM_CENTIPI/view_3.webp	_recycle/flight/enemy/FLM_CENTIPI/view_3.webp	ver -1463：plan:'chain' 的怪只讀 sprite.dorsal 一張（flight/index.html:14587），view_1~5 從 split_enemy.py 時代起就沒有任何程式讀 —— 規格單 resources/enemy/_flight_sprite_handoff.md 確認。空賊船那一族不動。
20260917-202621	flight/enemy/FLM_CENTIPI/view_4.webp	_recycle/flight/enemy/FLM_CENTIPI/view_4.webp	ver -1463：plan:'chain' 的怪只讀 sprite.dorsal 一張（flight/index.html:14587），view_1~5 從 split_enemy.py 時代起就沒有任何程式讀 —— 規格單 resources/enemy/_flight_sprite_handoff.md 確認。空賊船那一族不動。
20260917-202621	flight/enemy/FLM_CENTIPI/view_5.webp	_recycle/flight/enemy/FLM_CENTIPI/view_5.webp	ver -1463：plan:'chain' 的怪只讀 sprite.dorsal 一張（flight/index.html:14587），view_1~5 從 split_enemy.py 時代起就沒有任何程式讀 —— 規格單 resources/enemy/_flight_sprite_handoff.md 確認。空賊船那一族不動。
20260917-202621	flight/enemy/FLM_Serpent/view_0.webp	_recycle/flight/enemy/FLM_Serpent/view_0.webp	ver -1463：plan:'chain' 的怪只讀 sprite.dorsal 一張（flight/index.html:14587），view_1~5 從 split_enemy.py 時代起就沒有任何程式讀 —— 規格單 resources/enemy/_flight_sprite_handoff.md 確認。空賊船那一族不動。
20260917-202621	flight/enemy/FLM_Serpent/view_1.webp	_recycle/flight/enemy/FLM_Serpent/view_1.webp	ver -1463：plan:'chain' 的怪只讀 sprite.dorsal 一張（flight/index.html:14587），view_1~5 從 split_enemy.py 時代起就沒有任何程式讀 —— 規格單 resources/enemy/_flight_sprite_handoff.md 確認。空賊船那一族不動。
20260917-202621	flight/enemy/FLM_Serpent/view_2.webp	_recycle/flight/enemy/FLM_Serpent/view_2.webp	ver -1463：plan:'chain' 的怪只讀 sprite.dorsal 一張（flight/index.html:14587），view_1~5 從 split_enemy.py 時代起就沒有任何程式讀 —— 規格單 resources/enemy/_flight_sprite_handoff.md 確認。空賊船那一族不動。
20260917-202621	flight/enemy/FLM_Serpent/view_4.webp	_recycle/flight/enemy/FLM_Serpent/view_4.webp	ver -1463：plan:'chain' 的怪只讀 sprite.dorsal 一張（flight/index.html:14587），view_1~5 從 split_enemy.py 時代起就沒有任何程式讀 —— 規格單 resources/enemy/_flight_sprite_handoff.md 確認。空賊船那一族不動。
20260917-202621	flight/enemy/FLM_Serpent/view_5.webp	_recycle/flight/enemy/FLM_Serpent/view_5.webp	ver -1463：plan:'chain' 的怪只讀 sprite.dorsal 一張（flight/index.html:14587），view_1~5 從 split_enemy.py 時代起就沒有任何程式讀 —— 規格單 resources/enemy/_flight_sprite_handoff.md 確認。空賊船那一族不動。
20260917-210149	_boot_probe.mjs	_recycle/_boot_probe.mjs	一次性的預載自檢腳本
20260917-212145	flight/enemy/FLM_DragonThrone/view_0.webp	_recycle/flight/enemy/FLM_DragonThrone/view_0.webp	王座徘徊者飛行 sprite 換成美術優化版（ver -1468）
20260917-212356	resources/map/map_belisar.webp	_recycle/resources/map/map_belisar.webp.20260917-212356	紙面換成合成的乾淨羊皮紙（舊版是把舊地圖的墨補掉，殘留鬼影）ver -1441
20260917-220651	flight/enemy/FLM_DragonThrone/view_0.webp	_recycle/flight/enemy/FLM_DragonThrone/view_0.webp.20260917-220651	飛行素材改用第三型態（正面飛行立繪）重新取景（Ray -1443：這樣的話用第三型態就好）
20260917-220651	resources/Flight_Enemy/FLM_DragonThrone.png	_recycle/resources/Flight_Enemy/FLM_DragonThrone.png	飛行素材改用第三型態（正面飛行立繪）重新取景（Ray -1443：這樣的話用第三型態就好）
20260917-221815	resources/SI/NPC/NPC_GuildCounter_SI_v1.webp	_recycle/resources/SI/NPC/NPC_GuildCounter_SI_v1.webp	NPC 去背重製（ver -1443）
20260917-231003	resources/SI/NPC/NPC_GuildCounter_SI_v3.webp	_recycle/resources/SI/NPC/NPC_GuildCounter_SI_v3.webp	GuildCounter_v3 去背版覆蓋（白底 RGB → alpha RGBA），ver -1443 美術
20260917-231733	resources/background/belisar/Belisar_Foyer_night.webp	_recycle/resources/background/belisar/Belisar_Foyer_night.webp	前廳 night v1 破頂缺口畫了月亮本體，違反 _plainsroad_spec §三／憲法 §5（朝向未定只畫月光）；v2 重畫無月
20260917-231733	resources/_originals/background/belisar/Belisar_Foyer_night.png	_recycle/resources/_originals/background/belisar/Belisar_Foyer_night.png	前廳 night v1 破頂缺口畫了月亮本體，違反 _plainsroad_spec §三／憲法 §5（朝向未定只畫月光）；v2 重畫無月
20260917-233304	resources/SI/NPC/NPC_GuildCounter_SI_v4.webp	_recycle/resources/SI/NPC/NPC_GuildCounter_SI_v4.webp	GuildCounter_v4/v5 去背版覆蓋（白底 RGB → alpha RGBA），ver -1486 美術
20260917-233304	resources/SI/NPC/NPC_GuildCounter_SI_v5.webp	_recycle/resources/SI/NPC/NPC_GuildCounter_SI_v5.webp	GuildCounter_v4/v5 去背版覆蓋（白底 RGB → alpha RGBA），ver -1486 美術
20260917-233537	resources/SI/NPC/NPC_Grocer_SI_v5.webp	_recycle/resources/SI/NPC/NPC_Grocer_SI_v5.webp	Grocer_v5 去背版覆蓋（白底 RGB → alpha RGBA），ver -1486 美術
